{
    "total_num": 30,
    "pass@1": 0.9666666666666667,
    "avg_token_length-all": 6677.333333333333,
    "avg_token_length-correct": 6660.482758620689,
    "time_taken/h": 1.4090718903806474,
    "all_idx": {
        "0": 1.0,
        "1": 1.0,
        "2": 0.0,
        "3": 1.0,
        "4": 1.0,
        "5": 1.0,
        "6": 1.0,
        "7": 1.0,
        "8": 1.0,
        "9": 1.0,
        "10": 1.0,
        "11": 1.0,
        "12": 1.0,
        "13": 1.0,
        "14": 1.0,
        "15": 1.0,
        "16": 1.0,
        "17": 1.0,
        "18": 1.0,
        "19": 1.0,
        "20": 1.0,
        "21": 1.0,
        "22": 1.0,
        "23": 1.0,
        "24": 1.0,
        "25": 1.0,
        "26": 1.0,
        "27": 1.0,
        "28": 1.0,
        "29": 1.0
    }
}